{
  "model_type": "LSTM",
  "lookback": 21,
  "max_rul": 30,
  "features": [
    "comp_level",
    "pannes_7j",
    "pannes_30j",
    "pannes_90j",
    "maint_7j",
    "maint_30j",
    "maint_90j",
    "DSLF",
    "DSLM"
  ],
  "levels_modelises": [
    3,
    4
  ],
  "year_entrainement": 2023,
  "min_failures": 2,
  "num_composants": 164,
  "embedding_dim": 8,
  "metrics_test": {
    "r2": -0.49861864581213844,
    "mae": 10.098529815673828,
    "recall": 0.29777070063694266,
    "f1": 0.3240901213171577
  }
}